ITEM_ID,ITEM_START,COICOP2,COICOP3,COICOP4,COICOP5,Category1,Category2,ITEM_DESC,WEIGHT\SIZE
520130,2003-02-01 00:00:00,Miscellaneous goods and services,Personal effects (nec),"Jewellery, clocks and watches",Jewellery,Clothing and footwear,Accessories,Solid gold ring,9ct
520131,2004-02-01 00:00:00,Miscellaneous goods and services,Personal effects (nec),"Jewellery, clocks and watches",Clocks and watches,Clothing and footwear,Accessories,Men's analogue  watch,one
520137,2008-02-01 00:00:00,Miscellaneous goods and services,Personal effects (nec),"Jewellery, clocks and watches",Jewellery,Clothing and footwear,Accessories,Sterling silver earrings,1 pair
520140,2014-02-01 00:00:00,Miscellaneous goods and services,Personal effects (nec),"Jewellery, clocks and watches",Jewellery,Clothing and footwear,Accessories,Fashion necklace,one
510439,2023-02-01 00:00:00,Clothing and footwear,Clothing,Other clothing and clothing accessories,Other articles of clothing,Clothing and footwear,Accessories,Men's belt,one
510434,2019-02-01 00:00:00,Clothing and footwear,Clothing,Other clothing and clothing accessories,Other articles of clothing,Clothing and footwear,Accessories,Adult hat/cap,one
520109,1989-02-01 00:00:00,Miscellaneous goods and services,Personal effects (nec),Other personal effects,Travel goods,Clothing and footwear,Accessories,Ladies' handbag/shoulder bag,one
510429,1997-02-01 00:00:00,Clothing and footwear,Clothing,Other clothing and clothing accessories,Clothing accessories,Clothing and footwear,Accessories,Knitting wool,100g
510432,2011-02-01 00:00:00,Clothing and footwear,Clothing,Other clothing and clothing accessories,Other articles of clothing,Clothing and footwear,Accessories,Lady's scarf,one
510324,2002-02-01 00:00:00,Clothing and footwear,Clothing,Garments,Garments for inf (0 to 2 yrs.) & child (3 to 13 yrs.),Clothing and footwear,Children's clothing,School trousers (5-13 yrs.),
510328,2002-02-01 00:00:00,Clothing and footwear,Clothing,Garments,Garments for inf (0 to 2 yrs.) & child (3 to 13 yrs.),Clothing and footwear,Children's clothing,Boy's jeans (5-13 yrs.),
510330,2002-02-01 00:00:00,Clothing and footwear,Clothing,Garments,Garments for inf (0 to 2 yrs.) & child (3 to 13 yrs.),Clothing and footwear,Children's clothing,Baby grow or sleepsuit (0-2 yrs.),
510336,2002-02-01 00:00:00,Clothing and footwear,Clothing,Garments,Garments for inf (0 to 2 yrs.) & child (3 to 13 yrs.),Clothing and footwear,Children's clothing,Girl's skirt for school (5-13 yrs.),
510340,2004-02-01 00:00:00,Clothing and footwear,Clothing,Garments,Garments for inf (0 to 2 yrs.) & child (3 to 13 yrs.),Clothing and footwear,Children's clothing,Girl's fashion top (12-13 yrs.),
510344,2006-02-01 00:00:00,Clothing and footwear,Clothing,Garments,Garments for inf (0 to 2 yrs.) & child (3 to 13 yrs.),Clothing and footwear,Children's clothing,Girl's trousers non-denim (5-13 yrs.),
510347,2011-02-01 00:00:00,Clothing and footwear,Clothing,Garments,Garments for inf (0 to 2 yrs.) & child (3 to 13 yrs.),Clothing and footwear,Children's clothing,Girl's jacket (5-13 yrs.),
510348,2016-02-01 00:00:00,Clothing and footwear,Clothing,Garments,Garments for inf (0 to 2 yrs.) & child (3 to 13 yrs.),Clothing and footwear,Children's clothing,Boy's t-shirt (3-13 yrs.),
510349,2018-02-01 00:00:00,Clothing and footwear,Clothing,Garments,Garments for inf (0 to 2 yrs.) & child (3 to 13 yrs.),Clothing and footwear,Children's clothing,Girl's leggings (5-13 yrs.),
510350,2021-02-01 00:00:00,Clothing and footwear,Clothing,Garments,Garments for inf (0 to 2 yrs.) & child (3 to 13 yrs.),Clothing and footwear,Children's clothing,Boy's jumper/sweatshirt/cardigan,
510351,2021-02-01 00:00:00,Clothing and footwear,Clothing,Garments,Garments for inf (0 to 2 yrs.) & child (3 to 13 yrs.),Clothing and footwear,Children's clothing,Infant's trousers (0-2 yrs.),
510352,2021-02-01 00:00:00,Clothing and footwear,Clothing,Garments,Garments for inf (0 to 2 yrs.) & child (3 to 13 yrs.),Clothing and footwear,Children's clothing,Infant's jumper/sweatshirt/cardigan,
510436,2022-02-01 00:00:00,Clothing and footwear,Clothing,Garments,Garments for inf (0 to 2 yrs.) & child (3 to 13 yrs.),Clothing and footwear,Children's clothing,Child's pyjamas (3-13 yrs.),
510437,2022-02-01 00:00:00,Clothing and footwear,Clothing,Garments,Garments for inf (0 to 2 yrs.) & child (3 to 13 yrs.),Clothing and footwear,Children's clothing,Child's pants (3-13 yrs.),1 pair
510438,2022-02-01 00:00:00,Clothing and footwear,Clothing,Garments,Garments for inf (0 to 2 yrs.) & child (3 to 13 yrs.),Clothing and footwear,Children's clothing,Child's socks,1 pair
510353,2023-02-01 00:00:00,Clothing and footwear,Clothing,Garments,Garments for inf (0 to 2 yrs.) & child (3 to 13 yrs.),Clothing and footwear,Children's clothing,Infant's dress (0-2 yrs.),
510528,2003-02-01 00:00:00,Clothing and footwear,Footwear including repairs,Footwear including repairs,Footwear for infants and children,Clothing and footwear,Children's footwear,Child's sports trainers,
510104,1987-02-01 00:00:00,Clothing and footwear,Clothing,Garments,Garments for men,Clothing and footwear,Men's clothing,Men's jacket/coat,
510106,1987-02-01 00:00:00,Clothing and footwear,Clothing,Garments,Garments for men,Clothing and footwear,Men's clothing,Men's jeans,
510108,1987-02-01 00:00:00,Clothing and footwear,Clothing,Garments,Garments for men,Clothing and footwear,Men's clothing,Men's knitted jumper,
510109,1987-02-01 00:00:00,Clothing and footwear,Clothing,Garments,Garments for men,Clothing and footwear,Men's clothing,Men's formal long sleeve shirt,
510113,1993-02-01 00:00:00,Clothing and footwear,Clothing,Garments,Garments for men,Clothing and footwear,Men's clothing,Men's casual short sleeve top,
510117,1997-02-01 00:00:00,Clothing and footwear,Clothing,Garments,Garments for men,Clothing and footwear,Men's clothing,Men's formal trousers,
510118,1997-02-01 00:00:00,Clothing and footwear,Clothing,Garments,Garments for men,Clothing and footwear,Men's clothing,Men's casual trousers,
510120,1997-02-01 00:00:00,Clothing and footwear,Clothing,Garments,Garments for men,Clothing and footwear,Men's clothing,Men's jumper or sweatshirt,
510128,2004-02-01 00:00:00,Clothing and footwear,Clothing,Garments,Garments for men,Clothing and footwear,Men's clothing,Men's branded sports sweatshirt,
510130,2006-02-01 00:00:00,Clothing and footwear,Clothing,Garments,Garments for men,Clothing and footwear,Men's clothing,Men's coat,3/4 to full length
510131,2011-02-01 00:00:00,Clothing and footwear,Clothing,Garments,Garments for men,Clothing and footwear,Men's clothing,Men's casual shirt,
510132,2013-02-01 00:00:00,Clothing and footwear,Clothing,Garments,Garments for men,Clothing and footwear,Men's clothing,Men's short sleeved t-shirt,
510133,2021-02-01 00:00:00,Clothing and footwear,Clothing,Garments,Garments for men,Clothing and footwear,Men's clothing,Men's loungewear bottoms,
510134,2022-02-01 00:00:00,Clothing and footwear,Clothing,Garments,Garments for men,Clothing and footwear,Men's clothing,Men's formal jacket/blazer,
510413,1987-02-01 00:00:00,Clothing and footwear,Clothing,Garments,Garments for men,Clothing and footwear,Men's clothing,Men's socks,1 pair
510419,1987-02-01 00:00:00,Clothing and footwear,Clothing,Other clothing and clothing accessories,Other articles of clothing,Clothing and footwear,Men's clothing,Men's tie,
510433,2017-02-01 00:00:00,Clothing and footwear,Clothing,Garments,Garments for men,Clothing and footwear,Men's clothing,Men's base layer top,
510501,1987-02-01 00:00:00,Clothing and footwear,Footwear including repairs,Footwear including repairs,Footwear for men,Clothing and footwear,Men's footwear,Men's formal shoes,
510515,1997-02-01 00:00:00,Clothing and footwear,Footwear including repairs,Footwear including repairs,Footwear for men,Clothing and footwear,Men's footwear,Men's casual shoes,
510516,1997-02-01 00:00:00,Clothing and footwear,Footwear including repairs,Footwear including repairs,Footwear for men,Clothing and footwear,Men's footwear,Men's training shoes,
510535,2014-02-01 00:00:00,Clothing and footwear,Footwear including repairs,Footwear including repairs,Footwear for men,Clothing and footwear,Men's footwear,Men's canvas fashion shoe/trainer,
510534,2012-02-01 00:00:00,Clothing and footwear,Footwear including repairs,Footwear including repairs,Footwear for men,Clothing and footwear,Men's footwear,Men's walking/hiking boot,
510206,1987-02-01 00:00:00,Clothing and footwear,Clothing,Garments,Garments for women,Clothing and footwear,Women's clothing,Women's blouse/shirt,
510208,1987-02-01 00:00:00,Clothing and footwear,Clothing,Garments,Garments for women,Clothing and footwear,Women's clothing,Women's formal jacket,
510212,1987-02-01 00:00:00,Clothing and footwear,Clothing,Garments,Garments for women,Clothing and footwear,Women's clothing,Women's jumper,
510215,1987-02-01 00:00:00,Clothing and footwear,Clothing,Garments,Garments for women,Clothing and footwear,Women's clothing,Women's basic plain t-shirt,
510219,1997-02-01 00:00:00,Clothing and footwear,Clothing,Garments,Garments for women,Clothing and footwear,Women's clothing,Women's casual outer jacket,
510223,1997-02-01 00:00:00,Clothing and footwear,Clothing,Garments,Garments for women,Clothing and footwear,Women's clothing,Women's long sleeve top,
510233,1999-02-01 00:00:00,Clothing and footwear,Clothing,Garments,Garments for women,Clothing and footwear,Women's clothing,Women's cardigan,
510235,2001-02-01 00:00:00,Clothing and footwear,Clothing,Garments,Garments for women,Clothing and footwear,Women's clothing,Women's casual trousers,
510236,2001-02-01 00:00:00,Clothing and footwear,Clothing,Garments,Garments for women,Clothing and footwear,Women's clothing,Women's formal trousers,
510237,2001-02-01 00:00:00,Clothing and footwear,Clothing,Garments,Garments for women,Clothing and footwear,Women's clothing,Women's casual skirt,
510245,2002-02-01 00:00:00,Clothing and footwear,Clothing,Garments,Garments for women,Clothing and footwear,Women's clothing,Women's dress,
510248,2004-02-01 00:00:00,Clothing and footwear,Clothing,Garments,Garments for women,Clothing and footwear,Women's clothing,Women's non-branded jeans,
510250,2006-02-01 00:00:00,Clothing and footwear,Clothing,Garments,Garments for women,Clothing and footwear,Women's clothing,Women's coat,
510257,2011-02-01 00:00:00,Clothing and footwear,Clothing,Garments,Garments for women,Clothing and footwear,Women's clothing,Women's casual blouse/shirt,
510258,2016-02-01 00:00:00,Clothing and footwear,Clothing,Garments,Garments for women,Clothing and footwear,Women's clothing,Women's full length leggings,
510259,2016-02-01 00:00:00,Clothing and footwear,Clothing,Garments,Garments for women,Clothing and footwear,Women's clothing,Women's short-sleeve/sleeveless formal top,
510405,1987-02-01 00:00:00,Clothing and footwear,Clothing,Garments,Garments for women,Clothing and footwear,Women's clothing,Women's nightdress/pyjamas,
510406,1987-02-01 00:00:00,Clothing and footwear,Clothing,Garments,Garments for women,Clothing and footwear,Women's clothing,Women's pants,
510407,1987-02-01 00:00:00,Clothing and footwear,Clothing,Garments,Garments for women,Clothing and footwear,Women's clothing,Bra,cup size A-D range
510506,1987-02-01 00:00:00,Clothing and footwear,Footwear including repairs,Footwear including repairs,Footwear for women,Clothing and footwear,Women's footwear,Women's sandals,
510529,2004-02-01 00:00:00,Clothing and footwear,Footwear including repairs,Footwear including repairs,Footwear for women,Clothing and footwear,Women's footwear,Women's boots,
510530,2004-02-01 00:00:00,Clothing and footwear,Footwear including repairs,Footwear including repairs,Footwear for women,Clothing and footwear,Women's footwear,Women's flat shoes,
310207,1997-02-01 00:00:00,Alcoholic beverages and tobacco,Alcoholic beverages,Beer,Other alcoholic beer,Food and drink,Alcohol,Bitter,4 cans (440-500ml)
310215,2004-02-01 00:00:00,Alcoholic beverages and tobacco,Alcoholic beverages,Beer,Lager beer,Food and drink,Alcohol,Premium lager ,4 bottles 
310216,2004-02-01 00:00:00,Alcoholic beverages and tobacco,Alcoholic beverages,Beer,Lager beer,Food and drink,Alcohol,Cans of lager ,10-24 cans (440-500ml)
310219,2012-02-01 00:00:00,Alcoholic beverages and tobacco,Alcoholic beverages,Beer,Other alcoholic beer,Food and drink,Alcohol,Stout,4 can pack
310220,2015-02-01 00:00:00,Alcoholic beverages and tobacco,Alcoholic beverages,Beer,Other alcoholic beer,Food and drink,Alcohol,Speciality bottled beer (4.5-5%),500ml
310222,2017-02-01 00:00:00,Alcoholic beverages and tobacco,Alcoholic beverages,Wine,Wine from other fruits,Food and drink,Alcohol,Flavoured cider bottled ,500-568ml
310401,1987-02-01 00:00:00,Alcoholic beverages and tobacco,Alcoholic beverages,Spirits,Spirits,Food and drink,Alcohol,Bottle of whiskey,70cl
310403,1987-02-01 00:00:00,Alcoholic beverages and tobacco,Alcoholic beverages,Spirits,Spirits,Food and drink,Alcohol,Bottle of vodka,70cl
310406,1987-02-01 00:00:00,Alcoholic beverages and tobacco,Alcoholic beverages,Wine,Fortified wines,Food and drink,Alcohol,Fortified wine,70-75cl
310423,2006-02-01 00:00:00,Alcoholic beverages and tobacco,Alcoholic beverages,Wine,Wine from grapes,Food and drink,Alcohol,Champagne bottle,75cl
310428,2016-02-01 00:00:00,Alcoholic beverages and tobacco,Alcoholic beverages,Spirits,Spirits,Food and drink,Alcohol,Cream liqueur (14-20%),70cl-1litre
310429,2017-02-01 00:00:00,Alcoholic beverages and tobacco,Alcoholic beverages,Spirits,Spirits,Food and drink,Alcohol,Bottle of gin,70cl
310430,2020-02-01 00:00:00,Alcoholic beverages and tobacco,Alcoholic beverages,Spirits,Spirits,Food and drink,Alcohol,Pre-mixed spirit drink,250-330ml
310431,2023-02-01 00:00:00,Alcoholic beverages and tobacco,Alcoholic beverages,Wine,Wine from grapes,Food and drink,Alcohol,Red wine,75cl bottle
212006,1991-02-01 00:00:00,Food and non-alcoholic beverages,Non-alcoholic beverages,"Mineral waters, soft drinks and juices",Fruit and vegetable juices,Food and drink,Soft drinks                                                                                ,Fruit juice (excluding orange juice),1litre
212008,1993-02-01 00:00:00,Food and non-alcoholic beverages,Non-alcoholic beverages,"Mineral waters, soft drinks and juices",Soft drinks,Food and drink,Soft drinks                                                                                ,Lemonade,2litre
212010,1994-02-01 00:00:00,Food and non-alcoholic beverages,Non-alcoholic beverages,"Mineral waters, soft drinks and juices",Mineral or spring waters,Food and drink,Soft drinks                                                                                ,Still mineral water,1.5-2litre
212015,2001-02-01 00:00:00,Food and non-alcoholic beverages,Non-alcoholic beverages,"Mineral waters, soft drinks and juices",Soft drinks,Food and drink,Soft drinks                                                                                ,Fizzy energy drink,250-500ml
212017,2005-01-01 00:00:00,Food and non-alcoholic beverages,Non-alcoholic beverages,"Mineral waters, soft drinks and juices",Soft drinks,Food and drink,Soft drinks                                                                                ,Fizzy drink,500ml 
212021,2010-02-01 00:00:00,Food and non-alcoholic beverages,Non-alcoholic beverages,"Mineral waters, soft drinks and juices",Mineral or spring waters,Food and drink,Soft drinks                                                                                ,Still water,500ml
212022,2014-02-01 00:00:00,Food and non-alcoholic beverages,Non-alcoholic beverages,"Mineral waters, soft drinks and juices",Soft drinks,Food and drink,Soft drinks                                                                                ,Mixer drink,1litre
212023,2016-02-01 00:00:00,Food and non-alcoholic beverages,Non-alcoholic beverages,"Mineral waters, soft drinks and juices",Soft drinks,Food and drink,Soft drinks                                                                                ,Multipack of cola/fizzy drink,pack of 4-8 (330ml)
212024,2017-02-01 00:00:00,Food and non-alcoholic beverages,Non-alcoholic beverages,"Mineral waters, soft drinks and juices",Mineral or spring waters,Food and drink,Soft drinks                                                                                ,Flavoured water,900ml-1.5litre
212025,2019-02-01 00:00:00,Food and non-alcoholic beverages,Non-alcoholic beverages,"Mineral waters, soft drinks and juices",Soft drinks,Food and drink,Soft drinks                                                                                ,Regular cola drink,1.25-2litre
210324,2020-02-01 00:00:00,Food and non-alcoholic beverages,Food,Bread and cereals,Other bakery products,Food and drink,Bakery,Crumpets,pack of 6-9
210102,1987-02-01 00:00:00,Food and non-alcoholic beverages,Food,Bread and cereals,Bread,Food and drink,Bakery,Large white unsliced bread,750-800g
210106,1987-02-01 00:00:00,Food and non-alcoholic beverages,Food,Bread and cereals,Bread,Food and drink,Bakery,Bread rolls (white or brown),pack of 6
210111,2004-02-01 00:00:00,Food and non-alcoholic beverages,Food,Bread and cereals,Bread,Food and drink,Bakery,White sliced bread,750-800g
210113,2004-02-01 00:00:00,Food and non-alcoholic beverages,Food,Bread and cereals,Bread,Food and drink,Bakery,Wholemeal sliced bread,750-800g
210320,2000-02-01 00:00:00,Food and non-alcoholic beverages,Food,Bread and cereals,Other bakery products,Food and drink,Bakery,Sponge cake,
210321,2003-02-01 00:00:00,Food and non-alcoholic beverages,Food,Bread and cereals,Other bakery products,Food and drink,Bakery,Individual cakes,pack of 5-6
210115,2023-02-01 00:00:00,Food and non-alcoholic beverages,Food,Bread and cereals,Bread,Food and drink,Bakery,Pack of wraps/tortillas,pack of 6-8
210302,1987-02-01 00:00:00,Food and non-alcoholic beverages,Food,Bread and cereals,Other bakery products,Food and drink,Biscuits,Plain biscuits,200-300g
210211,2001-02-01 00:00:00,Food and non-alcoholic beverages,Food,Vegetables including potatoes and tubers,Crisps,Food and drink,Crisps,Corn snack,50g
210213,2006-02-01 00:00:00,Food and non-alcoholic beverages,Food,Bread and cereals,Breakfast cereals and other cereal products,Food and drink,Breakfast,Breakfast cereal (sugar/chocolate coated),
210214,2006-02-01 00:00:00,Food and non-alcoholic beverages,Food,Bread and cereals,Breakfast cereals and other cereal products,Food and drink,Breakfast,Breakfast cereal (low-sugar/non-chocolate coated),
210215,2010-02-01 00:00:00,Food and non-alcoholic beverages,Food,Bread and cereals,Other bakery products,Food and drink,Breakfast,Cereal bar,one bar
210216,2012-02-01 00:00:00,Food and non-alcoholic beverages,Food,Bread and cereals,Breakfast cereals and other cereal products,Food and drink,Breakfast,Hot oat cereal,
210219,2020-02-01 00:00:00,Food and non-alcoholic beverages,Food,Bread and cereals,Breakfast cereals and other cereal products,Food and drink,Breakfast,Breakfast cereal (gluten free),
211305,2013-02-01 00:00:00,Food and non-alcoholic beverages,Food,Oils and fats,Butter,Food and drink,"Butter, spreads and oils",Spreadable butter,500g
211306,2013-02-01 00:00:00,Food and non-alcoholic beverages,Food,Oils and fats,Butter,Food and drink,"Butter, spreads and oils",Butter,250g
211408,2007-02-01 00:00:00,Food and non-alcoholic beverages,Food,Oils and fats,Olive oil,Food and drink,"Butter, spreads and oils",Olive oil,500ml-1litre
211501,1987-02-01 00:00:00,Food and non-alcoholic beverages,Food,"Milk, cheese and eggs",Cheese and curd,Food and drink,Dairy,Cheddar cheese,per kg
211509,2004-02-01 00:00:00,Food and non-alcoholic beverages,Food,"Milk, cheese and eggs",Cheese and curd,Food and drink,Dairy,Hard cheese,per kg
211510,2009-02-01 00:00:00,Food and non-alcoholic beverages,Food,"Milk, cheese and eggs",Cheese and curd,Food and drink,Dairy,Parmesan cheese,per kg
211511,2012-02-01 00:00:00,Food and non-alcoholic beverages,Food,"Milk, cheese and eggs",Cheese and curd,Food and drink,Dairy,Soft cheese,per kg
210114,2010-02-01 00:00:00,Food and non-alcoholic beverages,Food,Bread and cereals,Bread,Food and drink,Chilled food,Chilled garlic bread,
211714,2017-02-01 00:00:00,Food and non-alcoholic beverages,Food,"Milk, cheese and eggs",Other milk products,Food and drink,Chilled food,Non-dairy milk drink,900ml-1litre
212936,2009-02-01 00:00:00,Food and non-alcoholic beverages,Food,Food products (nec),Ready-made meals,Food and drink,Chilled food,Chilled ready meal (meat),serves 1
212937,2009-02-01 00:00:00,Food and non-alcoholic beverages,Food,Food products (nec),Ready-made meals,Food and drink,Chilled food,Chilled ready meal (fish/veg),serves 1
212941,2018-02-01 00:00:00,Food and non-alcoholic beverages,Food,Bread and cereals,Pizza and quiche,Food and drink,Chilled food,Quiche,340-450g
212944,2022-02-01 00:00:00,Food and non-alcoholic beverages,Food,Vegetables including potatoes and tubers,Dried vegetables; other preserved or processed vegetables,Food and drink,Chilled food,Meat free sausages,per pack
211410,2023-02-01 00:00:00,Food and non-alcoholic beverages,Food,Oils and fats,Margarine and other vegetable fats,Food and drink,"Butter, spreads and oils",Dairy spread/margarine,450-500g
211411,2023-02-01 00:00:00,Food and non-alcoholic beverages,Food,Oils and fats,Margarine and other vegetable fats,Food and drink,"Butter, spreads and oils",Dairy free spread/margarine,450-500g
211026,2015-02-01 00:00:00,Food and non-alcoholic beverages,Food,Meat,Other meat preparations,Food and drink,Chilled food,Chicken kiev,pack of 2
212222,2003-02-01 00:00:00,Food and non-alcoholic beverages,Food,"Sugar, jam, syrups, chocolate and confectionery",Chocolate,Food and drink,Chocolate and sweets,Milk chocolate bar,
212223,2012-02-01 00:00:00,Food and non-alcoholic beverages,Food,"Sugar, jam, syrups, chocolate and confectionery",Chocolate,Food and drink,Chocolate and sweets,Bag of sweets (chocolate),
212225,2016-02-01 00:00:00,Food and non-alcoholic beverages,Food,"Sugar, jam, syrups, chocolate and confectionery",Chocolate,Food and drink,Chocolate and sweets,Large chocolate bar,
212226,2017-02-01 00:00:00,Food and non-alcoholic beverages,Food,"Sugar, jam, syrups, chocolate and confectionery",Confectionery products,Food and drink,Chocolate and sweets,Chocolate wafer bar,
212228,2021-02-01 00:00:00,Food and non-alcoholic beverages,Food,"Sugar, jam, syrups, chocolate and confectionery",Confectionery products,Food and drink,Chocolate and sweets,Malted chocolate sweets,
211901,1987-02-01 00:00:00,Food and non-alcoholic beverages,Non-alcoholic beverages,"Coffee, tea and cocoa",Tea,Food and drink,"Coffee, tea and cocoa",Small box of tea bags,pack of 80 (230-250g)
213003,1987-02-01 00:00:00,Food and non-alcoholic beverages,Non-alcoholic beverages,"Coffee, tea and cocoa",Coffee,Food and drink,"Coffee, tea and cocoa",Instant coffee,90-100g
213005,2013-02-01 00:00:00,Food and non-alcoholic beverages,Non-alcoholic beverages,"Coffee, tea and cocoa",Cocoa and powdered chocolate,Food and drink,"Coffee, tea and cocoa",Hot chocolate drink,250-400g
213006,2016-02-01 00:00:00,Food and non-alcoholic beverages,Non-alcoholic beverages,"Coffee, tea and cocoa",Coffee,Food and drink,"Coffee, tea and cocoa",Coffee pods,pack of 8-16
213007,2021-02-01 00:00:00,Food and non-alcoholic beverages,Non-alcoholic beverages,"Coffee, tea and cocoa",Coffee,Food and drink,"Coffee, tea and cocoa",Coffee sachets pack,70-200g
210913,2009-02-01 00:00:00,Food and non-alcoholic beverages,Food,Meat,Other meat preparations,Food and drink,Cooked meats,Whole rotisserie chicken,
211011,1987-02-01 00:00:00,Food and non-alcoholic beverages,Food,Meat,Other meat preparations,Food and drink,Cooked meats,Individual meat pie,
211023,2013-02-01 00:00:00,Food and non-alcoholic beverages,Food,Meat,Dried; salted or smoked meat,Food and drink,Cooked meats,Cooked ham (sliced),100-200g
211024,2013-02-01 00:00:00,Food and non-alcoholic beverages,Food,Meat,Dried; salted or smoked meat,Food and drink,Cooked meats,Continental sliced deli type meat,40-100g
211029,2016-02-01 00:00:00,Food and non-alcoholic beverages,Food,Meat,Poultry,Food and drink,Cooked meats,Cooked turkey/chicken (sliced),100-180g
211030,2017-02-01 00:00:00,Food and non-alcoholic beverages,Food,Meat,Other meat preparations,Food and drink,Cooked meats,Multipack meat based snack,400g
212402,1987-02-01 00:00:00,Food and non-alcoholic beverages,Food,Vegetables including potatoes and tubers,Crisps,Food and drink,Crisps,Crisps,25-50g
212404,1989-02-01 00:00:00,Food and non-alcoholic beverages,Food,Vegetables including potatoes and tubers,Crisps,Food and drink,Crisps,Multipack crisps,
211709,1990-02-01 00:00:00,Food and non-alcoholic beverages,Food,"Milk, cheese and eggs",Whole milk,Food and drink,Dairy,Whole milk,4 pints
211710,1990-02-01 00:00:00,Food and non-alcoholic beverages,Food,"Milk, cheese and eggs",Low fat milk,Food and drink,Dairy,Semi skimmed milk,2 pints
211808,2001-02-01 00:00:00,Food and non-alcoholic beverages,Food,"Milk, cheese and eggs",Other milk products,Food and drink,Dairy,Chilled pot dessert,125-200g
211814,2009-02-01 00:00:00,Food and non-alcoholic beverages,Food,"Milk, cheese and eggs",Yoghurt,Food and drink,Dairy,Small yoghurt,one
211815,2009-02-01 00:00:00,Food and non-alcoholic beverages,Food,"Milk, cheese and eggs",Other milk products,Food and drink,Dairy,Fresh double cream,250-300ml
211604,2022-02-01 00:00:00,Food and non-alcoholic beverages,Food,"Milk, cheese and eggs",Eggs,Food and drink,Dairy,Eggs,per dozen
211101,2004-02-01 00:00:00,Food and non-alcoholic beverages,Food,Fish,Fresh or chilled fish,Food and drink,Fish,Fresh white fish fillets,per kg
211105,2004-02-01 00:00:00,Food and non-alcoholic beverages,Food,Fish,Fresh or chilled fish,Food and drink,Fish,Fresh salmon fillets,per kg
211106,2004-02-01 00:00:00,Food and non-alcoholic beverages,Food,Fish,Frozen seafood,Food and drink,Fish,Frozen prawns,per kg
211207,1989-02-01 00:00:00,Food and non-alcoholic beverages,Food,Fish,Other pres or processed fish & seafood-based preps,Food and drink,Fish,Canned tuna,130-200g
211210,2004-02-01 00:00:00,Food and non-alcoholic beverages,Food,Fish,Other pres or processed fish & seafood-based preps,Food and drink,Fish,Frozen fish fingers,pack of 8-12
211211,2010-02-01 00:00:00,Food and non-alcoholic beverages,Food,Fish,Other pres or processed fish & seafood-based preps,Food and drink,Fish,Frozen breaded/battered white fish,400-550g
212709,1988-02-01 00:00:00,Food and non-alcoholic beverages,Food,Fruit,Fresh or chilled fruit,Food and drink,Fresh fruit,Orange,each
212710,1989-02-01 00:00:00,Food and non-alcoholic beverages,Food,Fruit,Fresh or chilled fruit,Food and drink,Fresh fruit,Avocados,each
212712,1989-02-01 00:00:00,Food and non-alcoholic beverages,Food,Fruit,Fresh or chilled fruit,Food and drink,Fresh fruit,Kiwi fruit,each
212715,1995-02-01 00:00:00,Food and non-alcoholic beverages,Food,Fruit,Fresh or chilled fruit,Food and drink,Fresh fruit,Grapefruit,each
212719,1999-02-01 00:00:00,Food and non-alcoholic beverages,Food,Fruit,Fresh or chilled fruit,Food and drink,Fresh fruit,Bananas,per kg
212722,1999-02-01 00:00:00,Food and non-alcoholic beverages,Food,Fruit,Fresh or chilled fruit,Food and drink,Fresh fruit,Grapes,per kg 
212725,2008-02-01 00:00:00,Food and non-alcoholic beverages,Food,Fruit,Fresh or chilled fruit,Food and drink,Fresh fruit,Small oranges,per kg 
212726,2009-02-01 00:00:00,Food and non-alcoholic beverages,Food,Fruit,Fresh or chilled fruit,Food and drink,Fresh fruit,Plums,per kg 
212732,2016-02-01 00:00:00,Food and non-alcoholic beverages,Food,Fruit,Fresh or chilled fruit,Food and drink,Fresh fruit,Lemon,each
212733,2018-02-01 00:00:00,Food and non-alcoholic beverages,Food,Fruit,Fresh or chilled fruit,Food and drink,Fresh fruit,Blueberries,per kg 
212734,2018-02-01 00:00:00,Food and non-alcoholic beverages,Food,Fruit,Fresh or chilled fruit,Food and drink,Fresh fruit,Raspberries,per kg 
212735,2023-02-01 00:00:00,Food and non-alcoholic beverages,Food,Fruit,Fresh or chilled fruit,Food and drink,Fresh fruit,Dessert apple,each
212736,2023-02-01 00:00:00,Food and non-alcoholic beverages,Food,Fruit,Fresh or chilled fruit,Food and drink,Fresh fruit,Melon,each
212737,2023-02-01 00:00:00,Food and non-alcoholic beverages,Food,Fruit,Fresh or chilled fruit,Food and drink,Fresh fruit,Pineapple,each
212504,1987-02-01 00:00:00,Food and non-alcoholic beverages,Food,Vegetables including potatoes and tubers,Fresh/chill veg other than potatoes & other tubers,Food and drink,Fresh vegetables,Cauliflower,each
212510,1987-02-01 00:00:00,Food and non-alcoholic beverages,Food,Vegetables including potatoes and tubers,Fresh/chill veg other than potatoes & other tubers,Food and drink,Fresh vegetables,Cucumber,each
212511,1988-02-01 00:00:00,Food and non-alcoholic beverages,Food,Vegetables including potatoes and tubers,Fresh/chill veg other than potatoes & other tubers,Food and drink,Fresh vegetables,Iceberg lettuce,each
212515,1999-02-01 00:00:00,Food and non-alcoholic beverages,Food,Vegetables including potatoes and tubers,Fresh/chill veg other than potatoes & other tubers,Food and drink,Fresh vegetables,Tomatoes,per kg
212518,1999-02-01 00:00:00,Food and non-alcoholic beverages,Food,Vegetables including potatoes and tubers,Fresh/chill veg other than potatoes & other tubers,Food and drink,Fresh vegetables,Carrots,per kg
212519,1999-02-01 00:00:00,Food and non-alcoholic beverages,Food,Vegetables including potatoes and tubers,Fresh/chill veg other than potatoes & other tubers,Food and drink,Fresh vegetables,Onions,per kg
212520,1999-02-01 00:00:00,Food and non-alcoholic beverages,Food,Vegetables including potatoes and tubers,Fresh/chill veg other than potatoes & other tubers,Food and drink,Fresh vegetables,Mushrooms,per kg
212527,2002-02-01 00:00:00,Food and non-alcoholic beverages,Food,Vegetables including potatoes and tubers,Fresh/chill veg other than potatoes & other tubers,Food and drink,Fresh vegetables,Pre-packed salad,100-250g
212530,2007-02-01 00:00:00,Food and non-alcoholic beverages,Food,Vegetables including potatoes and tubers,Fresh/chill veg other than potatoes & other tubers,Food and drink,Fresh vegetables,Broccoli,per kg
212531,2007-02-01 00:00:00,Food and non-alcoholic beverages,Food,Vegetables including potatoes and tubers,Fresh/chill veg other than potatoes & other tubers,Food and drink,Fresh vegetables,Courgettes,per kg
212532,2008-02-01 00:00:00,Food and non-alcoholic beverages,Food,Vegetables including potatoes and tubers,Fresh/chill veg other than potatoes & other tubers,Food and drink,Fresh vegetables,Peppers,per kg
212533,2013-02-01 00:00:00,Food and non-alcoholic beverages,Food,Vegetables including potatoes and tubers,Fresh/chill veg other than potatoes & other tubers,Food and drink,Fresh vegetables,Vegetable stir fry pack,one
212918,1989-02-01 00:00:00,Food and non-alcoholic beverages,Food,Food products (nec),Ready-made meals,Food and drink,Frozen food,Frozen ready cooked meal,serves 1
212928,1998-02-01 00:00:00,Food and non-alcoholic beverages,Food,Vegetables including potatoes and tubers,Dried vegetables; other preserved or processed vegetables,Food and drink,Frozen food,Frozen vegetable burger,180-454g
212933,2002-02-01 00:00:00,Food and non-alcoholic beverages,Food,"Sugar, jam, syrups, chocolate and confectionery",Edible ices and ice cream,Food and drink,Frozen food,Ice cream,450ml-1litre
212809,2023-02-01 00:00:00,Food and non-alcoholic beverages,Food,Fruit,Preserved fruit and fruit-based products,Food and drink,Frozen food,Frozen berries,per pack
211019,2005-01-01 00:00:00,Food and non-alcoholic beverages,Food,Meat,Other meat preparations,Food and drink,Frozen food,Frozen chicken nuggets,220-600g
210414,1992-02-01 00:00:00,Food and non-alcoholic beverages,Food,Meat,Beef and veal,Food and drink,Frozen food,Frozen beef burgers,pack of 4
212106,1996-02-01 00:00:00,Food and non-alcoholic beverages,Food,"Sugar, jam, syrups, chocolate and confectionery",Jams; marmalades and honey,Food and drink,"Jams, marmalades and honey                                                                 ",Jam,340-454g
212107,2014-02-01 00:00:00,Food and non-alcoholic beverages,Food,"Sugar, jam, syrups, chocolate and confectionery",Jams; marmalades and honey,Food and drink,"Jams, marmalades and honey                                                                 ",Honey,340-454g
210403,1987-02-01 00:00:00,Food and non-alcoholic beverages,Food,Meat,Beef and veal,Food and drink,Meat,Beef mince,per kg
210406,1987-02-01 00:00:00,Food and non-alcoholic beverages,Food,Meat,Beef and veal,Food and drink,Meat,Beef steak,per kg
210416,2020-02-01 00:00:00,Food and non-alcoholic beverages,Food,Meat,Beef and veal,Food and drink,Meat,Beef roasting joint,per kg
210506,2015-02-01 00:00:00,Food and non-alcoholic beverages,Food,Meat,Lamb and goat,Food and drink,Meat,Lamb loin chop/steak,per kg
210703,1987-02-01 00:00:00,Food and non-alcoholic beverages,Food,Meat,Pork,Food and drink,Meat,Pork loin chops with bone,per kg
210802,1987-02-01 00:00:00,Food and non-alcoholic beverages,Food,Meat,Dried; salted or smoked meat,Food and drink,Meat,Gammon,per kg
210808,1996-02-01 00:00:00,Food and non-alcoholic beverages,Food,Meat,Dried; salted or smoked meat,Food and drink,Meat,Bacon,per kg
210905,1989-02-01 00:00:00,Food and non-alcoholic beverages,Food,Meat,Poultry,Food and drink,Meat,Fresh/chilled whole chicken,per kg
210910,2003-02-01 00:00:00,Food and non-alcoholic beverages,Food,Meat,Poultry,Food and drink,Meat,Fresh boneless chicken breast,per kg
210914,2020-02-01 00:00:00,Food and non-alcoholic beverages,Food,Meat,Poultry,Food and drink,Meat,Fresh turkey diced/minced,per kg
211014,1999-02-01 00:00:00,Food and non-alcoholic beverages,Food,Meat,Dried; salted or smoked meat,Food and drink,Meat,Pork sausages,per kg
211025,2015-02-01 00:00:00,Food and non-alcoholic beverages,Food,Meat,Pork,Food and drink,Meat,Oven ready gammon/pork joint,450-900g
211816,2010-02-01 00:00:00,Food and non-alcoholic beverages,Food,"Milk, cheese and eggs",Other milk products,Food and drink,Other food,Powdered baby formula,400-900g
212940,2015-02-01 00:00:00,Food and non-alcoholic beverages,Food,Food products (nec),Other food products nec,Food and drink,Other food,Protein powder,900g-2kg
212309,1999-02-01 00:00:00,Food and non-alcoholic beverages,Food,Vegetables including potatoes and tubers,Potatoes,Food and drink,Potatoes,New potatoes,per kg
212310,2004-02-01 00:00:00,Food and non-alcoholic beverages,Food,Vegetables including potatoes and tubers,Potatoes,Food and drink,Potatoes,White potatoes,per kg
212311,2004-02-01 00:00:00,Food and non-alcoholic beverages,Food,Vegetables including potatoes and tubers,Potatoes,Food and drink,Potatoes,Baking potatoes,per kg
212409,2018-02-01 00:00:00,Food and non-alcoholic beverages,Food,Vegetables including potatoes and tubers,Potatoes,Food and drink,Potatoes,Pre-prepared mashed potatoes,400-650g
212535,2018-02-01 00:00:00,Food and non-alcoholic beverages,Food,Vegetables including potatoes and tubers,Other tubers and products of tuber vegetables,Food and drink,Potatoes,Sweet potato,per kg
212923,1993-02-01 00:00:00,Food and non-alcoholic beverages,Food,Food products (nec),Sauces; condiments,Food and drink,"Sauces, pickles, chutney",Cook-in sauce,350-520g
212930,2001-02-01 00:00:00,Food and non-alcoholic beverages,Food,Food products (nec),Sauces; condiments,Food and drink,"Sauces, pickles, chutney",Mayonnaise,390-500g / 420-540ml
212601,1987-02-01 00:00:00,Food and non-alcoholic beverages,Food,Vegetables including potatoes and tubers,Dried vegetables; other preserved or processed vegetables,Food and drink,Store cupboard,Canned tomatoes,390-400g
212603,1987-02-01 00:00:00,Food and non-alcoholic beverages,Food,Vegetables including potatoes and tubers,Dried vegetables; other preserved or processed vegetables,Food and drink,Store cupboard,Baked beans,400-425g
212608,1987-02-01 00:00:00,Food and non-alcoholic beverages,Food,Vegetables including potatoes and tubers,Dried vegetables; other preserved or processed vegetables,Food and drink,Store cupboard,Canned sweetcorn,198-340g
212613,2022-02-01 00:00:00,Food and non-alcoholic beverages,Food,Vegetables including potatoes and tubers,Dried vegetables; other preserved or processed vegetables,Food and drink,Store cupboard,Pulses,390-420g
212806,1987-02-01 00:00:00,Food and non-alcoholic beverages,Food,Fruit,Dried fruit and nuts,Food and drink,Store cupboard,Packet of peanuts,150-300g
212807,1996-02-01 00:00:00,Food and non-alcoholic beverages,Food,Fruit,Preserved fruit and fruit-based products,Food and drink,Store cupboard,Canned fruit,400-450g
212808,2011-02-01 00:00:00,Food and non-alcoholic beverages,Food,Fruit,Dried fruit and nuts,Food and drink,Store cupboard,Dried fruit pack,100-250g
212905,1987-02-01 00:00:00,Food and non-alcoholic beverages,Food,Vegetables including potatoes and tubers,Dried vegetables; other preserved or processed vegetables,Food and drink,Store cupboard,Vegetable pickle,280-520g
211409,2019-02-01 00:00:00,Food and non-alcoholic beverages,Food,Oils and fats,Margarine and other vegetable fats,Food and drink,Store cupboard,Peanut butter,225-350g
210201,1987-02-01 00:00:00,Food and non-alcoholic beverages,Food,Bread and cereals,Flours and other cereals,Food and drink,Store cupboard,Self-raising flour,1.5kg
210204,1987-02-01 00:00:00,Food and non-alcoholic beverages,Food,Bread and cereals,Pasta products and couscous,Food and drink,Store cupboard,Dry spaghetti or pasta,500g
210212,2003-02-01 00:00:00,Food and non-alcoholic beverages,Food,Bread and cereals,Rice,Food and drink,Store cupboard,Basmati rice,500g-1kg
210217,2016-02-01 00:00:00,Food and non-alcoholic beverages,Food,Bread and cereals,Rice,Food and drink,Store cupboard,Microwavable rice,220-280g
210218,2019-02-01 00:00:00,Food and non-alcoholic beverages,Food,Bread and cereals,Breakfast cereals and other cereal products,Food and drink,Store cupboard,Popcorn,10-30g
210221,2021-02-01 00:00:00,Food and non-alcoholic beverages,Food,Bread and cereals,Pasta products and couscous,Food and drink,Store cupboard,Couscous,100-500g
212101,1987-02-01 00:00:00,Food and non-alcoholic beverages,Food,"Sugar, jam, syrups, chocolate and confectionery",Sugar,Food and drink,Store cupboard,Granulated white sugar,per kg
212202,1987-02-01 00:00:00,Food and non-alcoholic beverages,Food,"Sugar, jam, syrups, chocolate and confectionery",Confectionery products,Food and drink,Chocolate and sweets,Mints,
212211,1987-02-01 00:00:00,Food and non-alcoholic beverages,Food,"Sugar, jam, syrups, chocolate and confectionery",Confectionery products,Food and drink,Chocolate and sweets,Chocolate caramel bar,
212214,1988-02-01 00:00:00,Food and non-alcoholic beverages,Food,"Sugar, jam, syrups, chocolate and confectionery",Confectionery products,Food and drink,Chocolate and sweets,Fruit pastilles,
212217,1995-02-01 00:00:00,Food and non-alcoholic beverages,Food,"Sugar, jam, syrups, chocolate and confectionery",Confectionery products,Food and drink,Chocolate and sweets,Chewing/bubble gum,single pack
310102,1987-02-01 00:00:00,Restaurants and hotels,Catering services,"Restaurants, cafes",Restaurants; cafes and dancing establishments,Food and drink establishments,Alcohol,Draught bitter,per pint
310104,1987-02-01 00:00:00,Restaurants and hotels,Catering services,"Restaurants, cafes",Restaurants; cafes and dancing establishments,Food and drink establishments,Alcohol,Draught stout,per pint
310109,2003-02-01 00:00:00,Restaurants and hotels,Catering services,"Restaurants, cafes",Restaurants; cafes and dancing establishments,Food and drink establishments,Alcohol,Draught lager (3.4-4.2%),per pint
310110,2003-02-01 00:00:00,Restaurants and hotels,Catering services,"Restaurants, cafes",Restaurants; cafes and dancing establishments,Food and drink establishments,Alcohol,Draught premium lager (4.3-7.5%),per pint
310111,2004-02-01 00:00:00,Restaurants and hotels,Catering services,"Restaurants, cafes",Restaurants; cafes and dancing establishments,Food and drink establishments,Alcohol,Bottled premium lager (4.3-7.5%),one bottle
310114,2017-02-01 00:00:00,Restaurants and hotels,Catering services,"Restaurants, cafes",Restaurants; cafes and dancing establishments,Food and drink establishments,Alcohol,Cider (4.5-5.5%),per pint
310301,1987-02-01 00:00:00,Restaurants and hotels,Catering services,"Restaurants, cafes",Restaurants; cafes and dancing establishments,Food and drink establishments,Alcohol,Whiskey,30ml
310302,1987-02-01 00:00:00,Restaurants and hotels,Catering services,"Restaurants, cafes",Restaurants; cafes and dancing establishments,Food and drink establishments,Alcohol,Vodka,30ml
310306,1997-02-01 00:00:00,Restaurants and hotels,Catering services,"Restaurants, cafes",Restaurants; cafes and dancing establishments,Food and drink establishments,Alcohol,Bottle of mixer,125-200ml
310307,1997-02-01 00:00:00,Restaurants and hotels,Catering services,"Restaurants, cafes",Restaurants; cafes and dancing establishments,Food and drink establishments,Alcohol,Liqueur,30ml
310315,2006-02-01 00:00:00,Restaurants and hotels,Catering services,"Restaurants, cafes",Restaurants; cafes and dancing establishments,Food and drink establishments,Alcohol,Bottle of wine,75cl
310316,2020-02-01 00:00:00,Restaurants and hotels,Catering services,"Restaurants, cafes",Restaurants; cafes and dancing establishments,Food and drink establishments,Alcohol,Gin,30ml
220301,1987-02-01 00:00:00,Restaurants and hotels,Catering services,"Restaurants, cafes",Fast food and take away food services,Food and drink establishments,Fast food and take aways,Takeaway fish and chips,
220303,1987-02-01 00:00:00,Restaurants and hotels,Catering services,"Restaurants, cafes",Fast food and take away food services,Food and drink establishments,Fast food and take aways,Takeaway cold sandwich,
220305,1987-02-01 00:00:00,Restaurants and hotels,Catering services,"Restaurants, cafes",Fast food and take away food services,Food and drink establishments,Fast food and take aways,Takeaway tea,
220316,2000-02-01 00:00:00,Restaurants and hotels,Catering services,"Restaurants, cafes",Fast food and take away food services,Food and drink establishments,Fast food and take aways,Takeaway or delivery pizza,
220318,2002-02-01 00:00:00,Restaurants and hotels,Catering services,"Restaurants, cafes",Fast food and take away food services,Food and drink establishments,Fast food and take aways,"Indian takeaway, main-course",
220319,2002-02-01 00:00:00,Restaurants and hotels,Catering services,"Restaurants, cafes",Fast food and take away food services,Food and drink establishments,Fast food and take aways,"Chinese takeaway, main-course",
220320,2002-02-01 00:00:00,Restaurants and hotels,Catering services,"Restaurants, cafes",Fast food and take away food services,Food and drink establishments,Fast food and take aways,Takeaway soft drink,
220321,2003-02-01 00:00:00,Restaurants and hotels,Catering services,"Restaurants, cafes",Fast food and take away food services,Food and drink establishments,Fast food and take aways,Takeaway coffee,
220323,2003-02-01 00:00:00,Restaurants and hotels,Catering services,"Restaurants, cafes",Fast food and take away food services,Food and drink establishments,Fast food and take aways,Takeaway kebab,
220326,2012-02-01 00:00:00,Restaurants and hotels,Catering services,"Restaurants, cafes",Fast food and take away food services,Food and drink establishments,Fast food and take aways,Takeaway chicken & chips,
220327,2018-02-01 00:00:00,Restaurants and hotels,Catering services,"Restaurants, cafes",Fast food and take away food services,Food and drink establishments,Fast food and take aways,Takeaway cooked pastry,
220328,2020-02-01 00:00:00,Restaurants and hotels,Catering services,"Restaurants, cafes",Fast food and take away food services,Food and drink establishments,Fast food and take aways,Takeaway or eat in burger,
220107,1990-02-01 00:00:00,Restaurants and hotels,Catering services,"Restaurants, cafes",Restaurants; cafes and dancing establishments,Food and drink establishments,"Pubs, restaurants and cafes",Pub hot meal,
220116,2005-01-01 00:00:00,Restaurants and hotels,Catering services,"Restaurants, cafes",Restaurants; cafes and dancing establishments,Food and drink establishments,"Pubs, restaurants and cafes",Lemonade/Cola on tap,
220117,2005-01-01 00:00:00,Restaurants and hotels,Catering services,"Restaurants, cafes",Restaurants; cafes and dancing establishments,Food and drink establishments,"Pubs, restaurants and cafes",Bottled mineral water,
220120,2006-02-01 00:00:00,Restaurants and hotels,Catering services,"Restaurants, cafes",Restaurants; cafes and dancing establishments,Food and drink establishments,"Pubs, restaurants and cafes",In store cafeteria meal,
220121,2006-02-01 00:00:00,Restaurants and hotels,Catering services,"Restaurants, cafes",Restaurants; cafes and dancing establishments,Food and drink establishments,"Pubs, restaurants and cafes",Restaurant cup of coffee,
220122,2006-02-01 00:00:00,Restaurants and hotels,Catering services,"Restaurants, cafes",Restaurants; cafes and dancing establishments,Food and drink establishments,"Pubs, restaurants and cafes",Restaurant sweet course,
220124,2008-02-01 00:00:00,Restaurants and hotels,Catering services,"Restaurants, cafes",Restaurants; cafes and dancing establishments,Food and drink establishments,"Pubs, restaurants and cafes",Muffin/individual cake,
220125,2009-02-01 00:00:00,Restaurants and hotels,Catering services,"Restaurants, cafes",Restaurants; cafes and dancing establishments,Food and drink establishments,"Pubs, restaurants and cafes",Fruit juice,250-350ml
220128,2016-02-01 00:00:00,Restaurants and hotels,Catering services,"Restaurants, cafes",Restaurants; cafes and dancing establishments,Food and drink establishments,"Pubs, restaurants and cafes",Restaurant main course,
220310,1987-02-01 00:00:00,Restaurants and hotels,Catering services,"Restaurants, cafes",Restaurants; cafes and dancing establishments,Food and drink establishments,"Pubs, restaurants and cafes",Crisps (eating out),per pack
220209,2003-02-01 00:00:00,Restaurants and hotels,Catering services,Canteens,Canteens,Food and drink establishments,Schools,Primary school meal (fixed charges),
220210,2003-02-01 00:00:00,Restaurants and hotels,Catering services,Canteens,Canteens,Food and drink establishments,Schools,Secondary school (cafeteria),
520138,2011-02-01 00:00:00,Health,"Medical products, appliances and equipment",Other medical and therapeutic equipment,Corrective eye-glasses and contact lenses,Health,Glasses and contact lenses,Spectacle frames with lens,
520139,2013-02-01 00:00:00,Health,"Medical products, appliances and equipment",Other medical and therapeutic equipment,Corrective eye-glasses and contact lenses,Health,Glasses and contact lenses,Daily disposable soft lenses,pack of 30 pairs
520235,2001-02-01 00:00:00,Miscellaneous goods and services,Personal care,Appliances and products for personal care,Articles for personal hygiene and wellness,Health,Personal health,Sunscreen,15 SPF
520242,2006-02-01 00:00:00,Health,"Medical products, appliances and equipment",Pharmaceutical products,Pharmaceutical products,Health,Personal health,Cold/flu drink powder sachets,pack of 10
520251,2017-02-01 00:00:00,Health,"Medical products, appliances and equipment",Pharmaceutical products,Pharmaceutical products,Health,Personal health,Cough syrup,150-200ml
520213,1987-02-01 00:00:00,Miscellaneous goods and services,Personal care,Appliances and products for personal care,Articles for personal hygiene and wellness,Health,Personal hygiene and wellness,Tissues,large box
520216,1987-02-01 00:00:00,Miscellaneous goods and services,Personal care,Appliances and products for personal care,Articles for personal hygiene and wellness,Health,Personal hygiene and wellness,Deodorant/anti perspirant,50-250ml
520223,1993-02-01 00:00:00,Miscellaneous goods and services,Personal care,Appliances and products for personal care,Articles for personal hygiene and wellness,Health,Personal hygiene and wellness,Mascara,
520226,1996-02-01 00:00:00,Miscellaneous goods and services,Personal care,Appliances and products for personal care,Articles for personal hygiene and wellness,Health,Personal hygiene and wellness,Shampoo,250-400ml
520236,2002-02-01 00:00:00,Miscellaneous goods and services,Personal care,Appliances and products for personal care,Articles for personal hygiene and wellness,Health,Personal hygiene and wellness,Women's permanent hair colourant,60-140ml
520237,2003-02-01 00:00:00,Miscellaneous goods and services,Personal care,Appliances and products for personal care,Articles for personal hygiene and wellness,Health,Personal hygiene and wellness,Hair gel,150-200ml
520241,2005-01-01 00:00:00,Miscellaneous goods and services,Personal care,Appliances and products for personal care,Non-electrical appliances,Health,Personal hygiene and wellness,Razor cartridge blades,pack of 3-8
520243,2006-02-01 00:00:00,Miscellaneous goods and services,Personal care,Appliances and products for personal care,Articles for personal hygiene and wellness,Health,Personal hygiene and wellness,Liquid foundation,30-35ml
520247,2010-02-01 00:00:00,Miscellaneous goods and services,Personal care,Appliances and products for personal care,Articles for personal hygiene and wellness,Health,Personal hygiene and wellness,Liquid soap,200-300ml
520250,2016-02-01 00:00:00,Miscellaneous goods and services,Personal care,Appliances and products for personal care,Articles for personal hygiene and wellness,Health,Personal hygiene and wellness,Nail varnish,6-14ml
520254,2021-02-01 00:00:00,Miscellaneous goods and services,Personal care,Appliances and products for personal care,Articles for personal hygiene and wellness,Health,Personal hygiene and wellness,Hand hygiene gel,50-150ml
520255,2023-02-01 00:00:00,Miscellaneous goods and services,Personal care,Appliances and products for personal care,Articles for personal hygiene and wellness,Health,Personal hygiene and wellness,Mouthwash,300-600ml
430211,1987-02-01 00:00:00,"Furniture, household equipment and maintenance",Household textiles,Household Textiles,Bed linen,Household items,Bed linen,Double duvet,10-13.5 tog
430216,1991-02-01 00:00:00,"Furniture, household equipment and maintenance",Household textiles,Household Textiles,Bed linen,Household items,Bed linen,Duvet cover,
430224,1997-02-01 00:00:00,"Furniture, household equipment and maintenance",Household textiles,Household Textiles,Bed linen,Household items,Bed linen,Fitted bed sheet,
430233,2014-02-01 00:00:00,"Furniture, household equipment and maintenance","Furniture, furnishings and carpets",Carpets and other floor coverings,Carpets and rugs,Household items,"Carpets, rugs and flooring",Tufted carpet (synthetic),
430234,2014-02-01 00:00:00,"Furniture, household equipment and maintenance","Furniture, furnishings and carpets",Carpets and other floor coverings,Carpets and rugs,Household items,"Carpets, rugs and flooring",Tufted carpet (wool),
430235,2017-02-01 00:00:00,"Furniture, household equipment and maintenance","Furniture, furnishings and carpets",Carpets and other floor coverings,Carpets and rugs,Household items,"Carpets, rugs and flooring",Rug,
430237,2021-02-01 00:00:00,"Furniture, household equipment and maintenance","Furniture, furnishings and carpets",Carpets and other floor coverings,Other floor coverings,Household items,"Carpets, rugs and flooring",Luxury vinyl tile,per sq. metre
430425,2019-02-01 00:00:00,"Furniture, household equipment and maintenance","Glassware, tableware and household utensils","Glassware, Tableware and Household Utensils",Glassware; crystal-ware; ceramic ware and chinaware,Household items,Chinaware and glassware,Dinner plate,
430422,2004-02-01 00:00:00,"Furniture, household equipment and maintenance","Glassware, tableware and household utensils","Glassware, Tableware and Household Utensils",Glassware; crystal-ware; ceramic ware and chinaware,Household items,Chinaware and glassware,Plain glass tumbler,single
520118,1996-02-01 00:00:00,"Furniture, household equipment and maintenance","Glassware, tableware and household utensils","Glassware, Tableware and Household Utensils",Glassware; crystal-ware; ceramic ware and chinaware,Household items,Chinaware and glassware,Flower vase,
430509,1987-02-01 00:00:00,"Furniture, household equipment and maintenance",Goods and services for routine maintenance,Non-durable household goods,Cleaning and maintenance products,Household items,Cleaning,Household cleaner liquid,450-500ml
430529,2003-02-01 00:00:00,"Furniture, household equipment and maintenance",Goods and services for routine maintenance,Non-durable household goods,Cleaning and maintenance products,Household items,Cleaning,Bleach,750ml
430533,2004-02-01 00:00:00,"Furniture, household equipment and maintenance",Goods and services for routine maintenance,Non-durable household goods,Other non-durable small household articles,Household items,Cleaning,Kitchen roll,pack of 2-4
430540,2019-02-01 00:00:00,"Furniture, household equipment and maintenance",Goods and services for routine maintenance,Non-durable household goods,Cleaning and maintenance products,Household items,Cleaning,Washing detergent,800ml-1.5litre
430542,2022-02-01 00:00:00,"Furniture, household equipment and maintenance",Goods and services for routine maintenance,Non-durable household goods,Cleaning and maintenance products,Household items,Cleaning,Antibacterial surface wipes,per pack
430543,2022-02-01 00:00:00,"Furniture, household equipment and maintenance",Goods and services for routine maintenance,Non-durable household goods,Other non-durable small household articles,Household items,Cleaning,Bin liners for kitchen use,per pack
430507,1987-02-01 00:00:00,"Furniture, household equipment and maintenance",Goods and services for routine maintenance,Non-durable household goods,Cleaning and maintenance products,Household items,Cleaning,Washing up liquid,380-900ml
430531,2004-02-01 00:00:00,"Furniture, household equipment and maintenance",Goods and services for routine maintenance,Non-durable household goods,Cleaning and maintenance products,Household items,Cleaning,Fabric conditioner,500ml-1.5litre
430414,1989-02-01 00:00:00,"Furniture, household equipment and maintenance","Household appliances, fitting and repairs",Major appliances and small electric goods,Cookers,Household items,Cookware,Gas cooker,
430304,1987-02-01 00:00:00,"Furniture, household equipment and maintenance","Household appliances, fitting and repairs",Major appliances and small electric goods,Cookers,Household items,Cookware,Electric cooker,
430407,1987-02-01 00:00:00,"Furniture, household equipment and maintenance","Glassware, tableware and household utensils","Glassware, Tableware and Household Utensils",Non-electric kitchen utensils and articles,Household items,Cookware,Small milk pan,
430423,2005-01-01 00:00:00,"Furniture, household equipment and maintenance","Glassware, tableware and household utensils","Glassware, Tableware and Household Utensils",Non-electric kitchen utensils and articles,Household items,Cookware,Frying pan (non-stick),24-30cm
430424,2019-02-01 00:00:00,"Furniture, household equipment and maintenance","Glassware, tableware and household utensils","Glassware, Tableware and Household Utensils",Non-electric kitchen utensils and articles,Household items,Cookware,Bakeware (e.g. baking tray/roasting tin),
430419,2001-02-01 00:00:00,"Furniture, household equipment and maintenance","Glassware, tableware and household utensils","Glassware, Tableware and Household Utensils",Cutlery; flatware and silverware,Household items,Cookware,Stainless steel cutlery set,
430505,1987-02-01 00:00:00,"Furniture, household equipment and maintenance",Goods and services for routine maintenance,Non-durable household goods,Other non-durable small household articles,Household items,Cookware,Aluminium cooking foil,290-300mm
430307,1987-02-01 00:00:00,"Furniture, household equipment and maintenance","Household appliances, fitting and repairs",Major appliances and small electric goods,Coffee machines; tea makers and similar appliances,Household items,Electrical,Electric kettle,1.5-1.7litre
430317,1999-02-01 00:00:00,"Furniture, household equipment and maintenance","Household appliances, fitting and repairs",Major appliances and small electric goods,Irons,Household items,Electrical,Electric iron,
430351,2010-02-01 00:00:00,Miscellaneous goods and services,Personal care,Appliances and products for personal care,Electric appliances for personal care - Not being published,Household items,Electrical,Electric hair styling appliance,
430356,2011-02-01 00:00:00,"Furniture, household equipment and maintenance","Household appliances, fitting and repairs",Major appliances and small electric goods,Clothes washing machines; clothes drying machines and dish washing machines,Household items,Electrical,Dish washer,
430358,2013-02-01 00:00:00,"Furniture, household equipment and maintenance","Household appliances, fitting and repairs",Major appliances and small electric goods,Heaters; air conditioners,Household items,Electrical,Electric heater,
430362,2015-02-01 00:00:00,"Furniture, household equipment and maintenance","Household appliances, fitting and repairs",Major appliances and small electric goods,Refrigerators; freezers and fridge-freezers,Household items,Electrical,Fridge/freezer,
430524,1998-02-01 00:00:00,"Furniture, household equipment and maintenance",Tools and equipment for house and garden,Tools and equipment for House and Garden,Miscellaneous small tool accessories,Household items,Electrical,Light bulb,single
430541,2021-02-01 00:00:00,"Furniture, household equipment and maintenance",Tools and equipment for house and garden,Tools and equipment for House and Garden,Miscellaneous small tool accessories,Household items,Electrical,Smart Wi-Fi light bulb,each
630166,2023-02-01 00:00:00,Recreation and culture,Audio-visual equipment and related products,Reception and reproduction of sound and pictures,Equipment for the reception; recording and reproduction of sound,Household items,Electrical,Soundbar,
430229,2002-02-01 00:00:00,"Furniture, household equipment and maintenance",Household textiles,Household Textiles,Furnishing fabrics and curtains,Household items,Furnishing fabrics and curtains                                                            ,Fabric roller blind,120-180cm
430236,2018-02-01 00:00:00,"Furniture, household equipment and maintenance",Household textiles,Household Textiles,Furnishing fabrics and curtains,Household items,Furnishing fabrics and curtains                                                            ,Curtains (ready made),
520136,2008-02-01 00:00:00,Miscellaneous goods and services,Personal effects (nec),Other personal effects,Other personal effects nec,Household items,Furniture,Photo frame,
430101,1987-02-01 00:00:00,"Furniture, household equipment and maintenance","Furniture, furnishings and carpets",Furniture and furnishings,Household furniture,Household items,Furniture,Double wardrobe,
430104,1987-02-01 00:00:00,"Furniture, household equipment and maintenance","Furniture, furnishings and carpets",Furniture and furnishings,Household furniture,Household items,Furniture,Armchair,
430119,1989-02-01 00:00:00,"Furniture, household equipment and maintenance","Furniture, furnishings and carpets",Furniture and furnishings,Household furniture,Household items,Furniture,Kitchen base unit,width 800-1000mm
430120,1989-02-01 00:00:00,"Furniture, household equipment and maintenance","Furniture, furnishings and carpets",Furniture and furnishings,Household furniture,Household items,Furniture,Coffee table,
430127,1998-02-01 00:00:00,"Furniture, household equipment and maintenance","Furniture, furnishings and carpets",Furniture and furnishings,Household furniture,Household items,Furniture,Chest of drawers,
430133,2003-02-01 00:00:00,"Furniture, household equipment and maintenance","Furniture, furnishings and carpets",Furniture and furnishings,Household furniture,Household items,Furniture,Bookcase/freestanding shelve unit,
430134,2003-02-01 00:00:00,"Furniture, household equipment and maintenance","Furniture, furnishings and carpets",Furniture and furnishings,Lighting equipment,Household items,Furniture,Table lamp,
430137,2005-01-01 00:00:00,"Furniture, household equipment and maintenance","Furniture, furnishings and carpets",Furniture and furnishings,Household furniture,Household items,Furniture,Leather settee,
430138,2006-02-01 00:00:00,"Furniture, household equipment and maintenance","Furniture, furnishings and carpets",Furniture and furnishings,Household furniture,Household items,Furniture,Home office desk,
430139,2013-02-01 00:00:00,"Furniture, household equipment and maintenance","Furniture, furnishings and carpets",Furniture and furnishings,Household furniture,Household items,Furniture,Kitchen wall unit,width 800-1000mm
430140,2014-02-01 00:00:00,"Furniture, household equipment and maintenance","Furniture, furnishings and carpets",Furniture and furnishings,Household furniture,Household items,Furniture,Sofa bed,
430141,2017-02-01 00:00:00,"Furniture, household equipment and maintenance","Furniture, furnishings and carpets",Furniture and furnishings,Household furniture,Household items,Furniture,Dinning table with 2-6 chairs,
430142,2018-02-01 00:00:00,"Furniture, household equipment and maintenance","Furniture, furnishings and carpets",Furniture and furnishings,Other furniture and furnishings,Household items,Furniture,High chair,
430143,2019-02-01 00:00:00,"Furniture, household equipment and maintenance","Furniture, furnishings and carpets",Furniture and furnishings,Household furniture,Household items,Furniture,Non leather settee,
430144,2022-02-01 00:00:00,"Furniture, household equipment and maintenance","Furniture, furnishings and carpets",Furniture and furnishings,Household furniture,Household items,Furniture,Adult bed,
520132,2004-02-01 00:00:00,"Furniture, household equipment and maintenance","Furniture, furnishings and carpets",Furniture and furnishings,Other furniture and furnishings,Household items,Furniture,Wall hanging mirror,
410602,1987-02-01 00:00:00,"Housing, water, electricity, gas and other fuels",Regular maintenance and repair of the dwelling,Materials for maintenance and repair,Materials for maintenance and repair,Household items,Maintenance and repair,Ready mixed filler,
410607,1987-02-01 00:00:00,"Housing, water, electricity, gas and other fuels",Regular maintenance and repair of the dwelling,Materials for maintenance and repair,Materials for maintenance and repair,Household items,Maintenance and repair,Paint brush,2inch/5cm width
410611,1987-02-01 00:00:00,"Furniture, household equipment and maintenance",Tools and equipment for house and garden,Tools and equipment for House and Garden,Miscellaneous small tool accessories,Household items,Maintenance and repair,Door handle,pack of 1
410614,1987-02-01 00:00:00,"Furniture, household equipment and maintenance",Tools and equipment for house and garden,Tools and equipment for House and Garden,Motorized major tools and equipment,Household items,Maintenance and repair,Power drill,
410621,1993-02-01 00:00:00,"Housing, water, electricity, gas and other fuels",Regular maintenance and repair of the dwelling,Materials for maintenance and repair,Materials for maintenance and repair,Household items,Maintenance and repair,Varnish clear gloss,750ml-1litre
410625,1997-02-01 00:00:00,"Furniture, household equipment and maintenance",Tools and equipment for house and garden,Tools and equipment for House and Garden,Non-motorized small tools,Household items,Maintenance and repair,Screwdriver,
410629,2005-01-01 00:00:00,"Housing, water, electricity, gas and other fuels",Regular maintenance and repair of the dwelling,Materials for maintenance and repair,Materials for maintenance and repair,Household items,Maintenance and repair,Wallpaper,per roll
410631,2007-02-01 00:00:00,"Housing, water, electricity, gas and other fuels",Regular maintenance and repair of the dwelling,Materials for maintenance and repair,Materials for maintenance and repair,Household items,Maintenance and repair,Shower head,
410632,2009-02-01 00:00:00,"Furniture, household equipment and maintenance",Tools and equipment for house and garden,Tools and equipment for House and Garden,Repair; leasing and rental of major tools and equipment,Household items,Maintenance and repair,Carpet cleaner hire,
410633,2011-02-01 00:00:00,"Housing, water, electricity, gas and other fuels",Regular maintenance and repair of the dwelling,Materials for maintenance and repair,Materials for maintenance and repair,Household items,Maintenance and repair,Medium density fireboard (MDF),
410637,2015-02-01 00:00:00,"Housing, water, electricity, gas and other fuels",Regular maintenance and repair of the dwelling,Materials for maintenance and repair,Materials for maintenance and repair,Household items,Maintenance and repair,Ceramic tiles,15x15-25x50cm
420103,1987-02-01 00:00:00,"Housing, water, electricity, gas and other fuels","Electricity , gas and other fuels",Solid fuels,Solid fuels,Household items,Solid and liquid fuels,Coal,50kg
420405,1999-02-01 00:00:00,"Housing, water, electricity, gas and other fuels","Electricity , gas and other fuels",Liquid fuels,Liquid fuels,Household items,Solid and liquid fuels,Kerosene,1000litre
430228,2001-02-01 00:00:00,"Furniture, household equipment and maintenance",Household textiles,Household Textiles,Table linen and bathroom linen,Household items,Bed linen,Bath towel,
430413,1989-02-01 00:00:00,"Furniture, household equipment and maintenance","Household appliances, fitting and repairs",Major appliances and small electric goods,Heaters; air conditioners,Household items,Solid and liquid fuels,Gas fire,
430539,2018-02-01 00:00:00,"Furniture, household equipment and maintenance",Tools and equipment for house and garden,Tools and equipment for House and Garden,Miscellaneous small tool accessories,Household items,Electrical,AA battery,pack of 4
430525,1999-02-01 00:00:00,"Furniture, household equipment and maintenance",Goods and services for routine maintenance,Non-durable household goods,Other non-durable small household articles,Household items,Stationary,Clear sticky tape,per roll
430526,2001-02-01 00:00:00,Recreation and culture,"Books, newspapers and stationery","Misc. printed matter, stationery, drawing materials",Miscellaneous printed matter,Household items,Stationary,Greetings card,
430527,2001-02-01 00:00:00,Recreation and culture,"Books, newspapers and stationery","Misc. printed matter, stationery, drawing materials",Paper products,Household items,Stationary,A4 printer paper,500 sheets
430530,2003-02-01 00:00:00,Recreation and culture,"Books, newspapers and stationery","Misc. printed matter, stationery, drawing materials",Other stationery and drawing materials,Household items,Stationary,Black inkjet cartridge,single pack
430535,2005-01-01 00:00:00,Recreation and culture,"Books, newspapers and stationery","Misc. printed matter, stationery, drawing materials",Paper products,Household items,Stationary,Wrapping paper,per sheet
430409,1987-02-01 00:00:00,"Furniture, household equipment and maintenance","Glassware, tableware and household utensils","Glassware, Tableware and Household Utensils",Non-electric kitchen utensils and articles,Household items,Stationary,Scissors,
430503,1987-02-01 00:00:00,Recreation and culture,"Books, newspapers and stationery","Misc. printed matter, stationery, drawing materials",Other stationery and drawing materials,Household items,Stationary,Ballpoint pen,single
520134,2005-01-01 00:00:00,Miscellaneous goods and services,Personal effects (nec),Other personal effects,Travel goods,Household items,Travel,Luggage trolley case,60-70cm
630156,2015-02-01 00:00:00,Recreation and culture,Audio-visual equipment and related products,Reception and reproduction of sound and pictures,Other equipment for the reception; recording and reproduction of sound and picture,Recreation and culture,Audio and visual equipment,Headphones,
630159,2018-02-01 00:00:00,Recreation and culture,Audio-visual equipment and related products,Reception and reproduction of sound and pictures,Equipment for the reception; recording and reproduction of sound and vision,Recreation and culture,Audio and visual equipment,Television (small),"39"" or smaller"
630160,2018-02-01 00:00:00,Recreation and culture,Audio-visual equipment and related products,Reception and reproduction of sound and pictures,Equipment for the reception; recording and reproduction of sound and vision,Recreation and culture,Audio and visual equipment,Television (large),"40"" or larger"
630164,2020-02-01 00:00:00,Recreation and culture,Audio-visual equipment and related products,Reception and reproduction of sound and pictures,Equipment for the reception; recording and reproduction of sound and vision,Recreation and culture,Audio and visual equipment,DVD/Blu-ray player,
630434,2006-02-01 00:00:00,Recreation and culture,"Books, newspapers and stationery",Books,Fiction books,Recreation and culture,Books,Book illustrated for under 5s,
630437,2012-02-01 00:00:00,Recreation and culture,"Books, newspapers and stationery",Books,Fiction books,Recreation and culture,Books,Teenage fiction book,
630439,2016-02-01 00:00:00,Recreation and culture,"Books, newspapers and stationery",Books,Fiction books,Recreation and culture,Books,"Fiction book (paper back, bestseller)",
630440,2019-02-01 00:00:00,Recreation and culture,"Books, newspapers and stationery",Books,Fiction books,Recreation and culture,Books,Child's fiction book (6-12 yrs.),
630226,2005-01-01 00:00:00,Recreation and culture,Audio-visual equipment and related products,Recording media,Unrecorded recording media,Recreation and culture,CD's and DVD's,Recordable CD,single
630376,2018-02-01 00:00:00,Recreation and culture,"Other recreational items, gardens and pets","Games, toys and hobbies",Toys and celebration articles,Recreation and culture,"Games, toys and hobbies",Childs's sit and ride toys (under 5s),
630314,1987-02-01 00:00:00,Recreation and culture,"Other recreational items, gardens and pets","Games, toys and hobbies",Toys and celebration articles,Recreation and culture,"Games, toys and hobbies",Construction toy,
630317,1988-02-01 00:00:00,Recreation and culture,"Other recreational items, gardens and pets",Equipment for sport and open-air recreation,Equipment for camping and open-air recreation,Recreation and culture,"Games, toys and hobbies",Adult sleeping bag,
630342,2004-02-01 00:00:00,Recreation and culture,Other major durables for recreation and culture,Major durables for in/outdoor recreation,Musical instruments,Recreation and culture,"Games, toys and hobbies",Beginner's acoustic guitar,
630359,2008-02-01 00:00:00,Recreation and culture,Recreational and cultural services,Cultural services,Photographic services,Recreation and culture,"Games, toys and hobbies",Digital development,per print
630368,2013-02-01 00:00:00,Recreation and culture,"Other recreational items, gardens and pets","Games, toys and hobbies",Toys and celebration articles,Recreation and culture,"Games, toys and hobbies",Electronic educational toy,
630373,2017-02-01 00:00:00,Recreation and culture,"Other recreational items, gardens and pets","Games, toys and hobbies",Toys and celebration articles,Recreation and culture,"Games, toys and hobbies",Jigsaw,minimum 100 pieces
630382,2022-02-01 00:00:00,Recreation and culture,"Other recreational items, gardens and pets","Games, toys and hobbies",Games and hobbies,Recreation and culture,"Games, toys and hobbies",Adult craft hobby kit,
630505,1987-02-01 00:00:00,"Furniture, household equipment and maintenance",Tools and equipment for house and garden,Tools and equipment for House and Garden,Non-motorized small tools,Recreation and culture,Gardening,Garden spade,
630507,1989-02-01 00:00:00,Recreation and culture,"Other recreational items, gardens and pets","Gardens, plants and flowers",Plants and flowers,Recreation and culture,Gardening,Houseplant,
630510,1989-02-01 00:00:00,Recreation and culture,"Other recreational items, gardens and pets","Gardens, plants and flowers",Garden products,Recreation and culture,Gardening,Potting compost,
630518,2001-02-01 00:00:00,Recreation and culture,"Other recreational items, gardens and pets","Gardens, plants and flowers",Plants and flowers,Recreation and culture,Gardening,Cut flower carnation stem,
630519,2001-02-01 00:00:00,Recreation and culture,"Other recreational items, gardens and pets","Gardens, plants and flowers",Plants and flowers,Recreation and culture,Gardening,Potted shrub,
630525,2014-02-01 00:00:00,Recreation and culture,"Other recreational items, gardens and pets","Gardens, plants and flowers",Garden products,Recreation and culture,Gardening,Plant food,800ml-2litre/500g-1.5kg
630526,2019-02-01 00:00:00,Recreation and culture,"Other recreational items, gardens and pets","Gardens, plants and flowers",Plants and flowers,Recreation and culture,Gardening,Plant seeds,
640212,1987-02-01 00:00:00,Recreation and culture,Recreational and cultural services,Cultural services,Cinemas; theatres; concerts,Recreation and culture,Other,Theatre ticket,one adult
220324,2005-01-01 00:00:00,Restaurants and hotels,Catering services,"Restaurants, cafes",Restaurants; cafes and dancing establishments,Recreation and culture,Other,Cinema popcorn,
640406,2005-01-01 00:00:00,Restaurants and hotels,Accommodation services,Accommodation Services,Hotels; motel; inns and similar accommodation services,Recreation and culture,Other,Hotel stay,per night
430613,1996-02-01 00:00:00,Recreation and culture,"Other recreational items, gardens and pets","Pets, related products and services",Products for pets,Recreation and culture,Pets,Can of dog food,385-400g
430617,2002-02-01 00:00:00,Recreation and culture,"Other recreational items, gardens and pets","Pets, related products and services",Products for pets,Recreation and culture,Pets,Pet cage for a small mammal,
430621,2003-02-01 00:00:00,Recreation and culture,"Other recreational items, gardens and pets","Pets, related products and services",Veterinary and other services for pets,Recreation and culture,Pets,Annual booster injection (medium dog),
430622,2003-02-01 00:00:00,Recreation and culture,"Other recreational items, gardens and pets","Pets, related products and services",Veterinary and other services for pets,Recreation and culture,Pets,Dog kennel fees,daily charge
430625,2014-02-01 00:00:00,Recreation and culture,"Other recreational items, gardens and pets","Pets, related products and services",Products for pets,Recreation and culture,Pets,Wild bird seed pack,500g-2kg
430626,2019-02-01 00:00:00,Recreation and culture,"Other recreational items, gardens and pets","Pets, related products and services",Products for pets,Recreation and culture,Pets,Dog treats,70-400g
430627,2022-02-01 00:00:00,Recreation and culture,"Other recreational items, gardens and pets","Pets, related products and services",Products for pets,Recreation and culture,Pets,Pet collar,single
630340,2004-02-01 00:00:00,Recreation and culture,"Other recreational items, gardens and pets",Equipment for sport and open-air recreation,Equipment for sport,Recreation and culture,Sports and sport equipment,Carbon fibre fishing rod,
630343,2004-02-01 00:00:00,Recreation and culture,"Other recreational items, gardens and pets",Equipment for sport and open-air recreation,Equipment for sport,Recreation and culture,Sports and sport equipment,Men's football boots,
630345,2004-02-01 00:00:00,Recreation and culture,"Other recreational items, gardens and pets",Equipment for sport and open-air recreation,Equipment for sport,Recreation and culture,Sports and sport equipment,Golf ball,per ball
630357,2006-02-01 00:00:00,Recreation and culture,"Other recreational items, gardens and pets",Equipment for sport and open-air recreation,Equipment for sport,Recreation and culture,Sports and sport equipment,Squash/tennis racket,
640219,1993-02-01 00:00:00,Recreation and culture,Recreational and cultural services,Recreational and sporting services,Recreational and sporting services - Participation,Recreation and culture,Sports and sport equipment,Swimming pool/leisure centre admission,
640222,1996-02-01 00:00:00,Recreation and culture,Recreational and cultural services,Recreational and sporting services,Recreational and sporting services - Participation,Recreation and culture,Sports and sport equipment,Exercise class,1hr
640224,2000-02-01 00:00:00,Recreation and culture,Recreational and cultural services,Recreational and sporting services,Recreational and sporting services - Participation,Recreation and culture,Sports and sport equipment,Ten-pin bowling,per game
640226,2001-02-01 00:00:00,Recreation and culture,Recreational and cultural services,Recreational and sporting services,Recreational and sporting services - Participation,Recreation and culture,Sports and sport equipment,Private health club/gym,annual fee
640243,2018-02-01 00:00:00,Recreation and culture,Recreational and cultural services,Recreational and sporting services,Recreational and sporting services - Participation,Recreation and culture,Sports and sport equipment,Soft play session,
640244,2022-02-01 00:00:00,Recreation and culture,Recreational and cultural services,Recreational and sporting services,Recreational and sporting services - Participation,Recreation and culture,Sports and sport equipment,Climbing wall session,
440120,2001-02-01 00:00:00,Miscellaneous goods and services,Social protection,Social Protection,Child care services,Services,Care,Child minder,hourly rate
440126,2005-01-01 00:00:00,"Furniture, household equipment and maintenance",Goods and services for routine maintenance,Domestic services and household services,Domestic services by paid staff,Services,Care,Nanny fees,weekly
440128,2005-01-01 00:00:00,Miscellaneous goods and services,Social protection,Social Protection,Services to maintain people in their private homes,Services,Care,Home care assistant,hourly rate
440129,2006-02-01 00:00:00,Miscellaneous goods and services,Social protection,Social Protection,Child care services,Services,Care,Playgroup fees,per session
440232,2001-02-01 00:00:00,Miscellaneous goods and services,Social protection,Social Protection,Child care services,Services,Care,Nursery fees (0-4 yrs.),per day
520324,2002-02-01 00:00:00,Miscellaneous goods and services,Social protection,Social Protection,Retire homes for elderly/residences for disabled,Services,Care,Residential home,per week
520325,2002-02-01 00:00:00,Health,Hospital services,Hospital Services,Hospital Services,Services,Care,Nursing home,per week
520301,1987-02-01 00:00:00,Miscellaneous goods and services,Personal care,Hairdressing and personal grooming establishments,Hairdressing for men and children,Services,Hairdressing,Men's haircut,
520303,1987-02-01 00:00:00,Miscellaneous goods and services,Personal care,Hairdressing and personal grooming establishments,Hairdressing for women,Services,Hairdressing,Women's hairdressing (cut & blow dry),
520311,1994-02-01 00:00:00,Miscellaneous goods and services,Personal care,Hairdressing and personal grooming establishments,Hairdressing for women,Services,Hairdressing,Women's highlighting,
520313,1998-02-01 00:00:00,Health,Out-patient services,"Medical services, paramedical services",Paramedical services,Services,Health,Physiotherapy (private),per session
520326,2003-02-01 00:00:00,Health,Out-patient services,Dental services,Dental services,Services,Health,Private dental examination,
520332,2005-01-01 00:00:00,Health,Out-patient services,"Medical services, paramedical services",Paramedical services,Services,Health,Chiropractor (private),per session
410508,1990-02-01 00:00:00,"Housing, water, electricity, gas and other fuels",Regular maintenance and repair of the dwelling,Services for maintenance and repair,Services of plumbers,Services,Maintenance and repair,Plumber,hourly rate
410509,1990-02-01 00:00:00,"Housing, water, electricity, gas and other fuels",Regular maintenance and repair of the dwelling,Services for maintenance and repair,Services of electricians,Services,Maintenance and repair,Electrician,hourly rate
410517,2001-02-01 00:00:00,"Housing, water, electricity, gas and other fuels",Regular maintenance and repair of the dwelling,Services for maintenance and repair,Services of painters,Services,Maintenance and repair,Decorator,daily rate
410518,2005-01-01 00:00:00,"Housing, water, electricity, gas and other fuels",Regular maintenance and repair of the dwelling,Services for maintenance and repair,Services of carpenters,Services,Maintenance and repair,Carpenter,hourly rate
440101,1987-02-01 00:00:00,"Furniture, household equipment and maintenance",Goods and services for routine maintenance,Domestic services and household services,Other domestic services and household services,Services,Maintenance and repair,Domestic cleaner,hourly rate
440113,1995-02-01 00:00:00,"Furniture, household equipment and maintenance",Goods and services for routine maintenance,Domestic services and household services,Other domestic services and household services,Services,Maintenance and repair,Window cleaning,average 3-bed semi detached
440116,1999-02-01 00:00:00,"Furniture, household equipment and maintenance","Household appliances, fitting and repairs",Repair of household appliances,Repair of household appliances,Services,Maintenance and repair,Washing machine repair,
440118,1999-02-01 00:00:00,Recreation and culture,Audio-visual equipment and related products,"Repair of audio-visual equipment , related products","Repair of audio-visual equipment , related products",Services,Maintenance and repair,PC repair,
440104,1987-02-01 00:00:00,Clothing and footwear,Clothing,"Cleaning, repair and hire of clothing",Cleaning of clothing,Services,Other,Dry cleaning mans suit,
440105,1987-02-01 00:00:00,Transport,Operation of personal transport equipment,Other services,Driving lessons; test licences and road worthiness tests,Services,Other,Driving lesson,per hour
440121,2001-02-01 00:00:00,Restaurants and hotels,Catering services,"Restaurants, cafes",Restaurants; cafes and dancing establishments,Services,Other,Event catering,cost per head
440123,2004-02-01 00:00:00,Transport,Transport services,Passenger transport by road,Removal and storage services (was previously - International flights - No,Services,Other,Home removal van,
440127,2005-01-01 00:00:00,Transport,Transport services,Passenger transport by road,Removal and storage services (was previously - International flights - No,Services,Other,Self-storage fee,monthly
440227,1998-02-01 00:00:00,Miscellaneous goods and services,Other services (nec),Other Services Not Elsewhere covered,Funeral services,Services,Other,Standard funeral cremation service,
440240,2002-02-01 00:00:00,Miscellaneous goods and services,Other services (nec),Other Services Not Elsewhere covered,Legal services and accountancy,Services,Other,Standard will for a single person,
440254,2005-01-01 00:00:00,Miscellaneous goods and services,Other services (nec),Other Services Not Elsewhere covered,Legal services and accountancy,Services,Other,Solicitor,hourly rate
520331,2004-02-01 00:00:00,Miscellaneous goods and services,Personal care,Hairdressing and personal grooming establishments,Personal grooming treatments,Services,Other,Basic manicure,
320108,1987-02-01 00:00:00,Alcoholic beverages and tobacco,Tobacco,Tobacco,Cigarettes,Recreation and culture,Tobacco,King size cigarettes,pack of 20
320115,2002-02-01 00:00:00,Alcoholic beverages and tobacco,Tobacco,Tobacco,Cigarettes,Recreation and culture,Tobacco,Cigarettes,pack of 20
320122,2008-02-01 00:00:00,Alcoholic beverages and tobacco,Tobacco,Tobacco,Cigarettes,Recreation and culture,Tobacco,Filter cigarettes,pack of 20
320124,2016-02-01 00:00:00,Alcoholic beverages and tobacco,Tobacco,Tobacco,Other tobacco products,Recreation and culture,Tobacco,E-cig refill,2-10ml 
320206,1996-02-01 00:00:00,Alcoholic beverages and tobacco,Tobacco,Tobacco,Other tobacco products,Recreation and culture,Tobacco,Hand rolling tobacco pack,30g
620318,2005-01-01 00:00:00,Transport,Purchase of vehicles,Motorcycles and bicycles,Bicycles,Transport,Bikes and cycling equipment,Adult bike,
620319,2017-02-01 00:00:00,Clothing and footwear,Clothing,Other clothing and clothing accessories,Other articles of clothing,Transport,Bikes and cycling equipment,Adult cycle helmet,
610115,2023-02-01 00:00:00,Transport,Purchase of vehicles,Motorcycles and bicycles,Motor cycles,Transport,Bikes and cycling equipment,Adult electric bike,
610227,1999-02-01 00:00:00,Transport,Operation of personal transport equipment,Other services,Driving lessons; test licences and road worthiness tests,Transport,Services,Car MOT test fee,
610231,2004-02-01 00:00:00,Transport,Operation of personal transport equipment,Maintenance and repairs,Maintenance and repairs,Transport,Services,Car service (local garage),
610232,2004-02-01 00:00:00,Transport,Operation of personal transport equipment,Maintenance and repairs,Maintenance and repairs,Transport,Services,Car service (main dealer),
610235,2006-02-01 00:00:00,Transport,Operation of personal transport equipment,Maintenance and repairs,Maintenance and repairs,Transport,Services,Car repairs (main dealer),
610236,2006-02-01 00:00:00,Transport,Operation of personal transport equipment,Maintenance and repairs,Maintenance and repairs,Transport,Services,Car repairs (local garage),
610238,2014-02-01 00:00:00,Transport,Operation of personal transport equipment,Maintenance and repairs,Maintenance and repairs,Transport,Services,Car wash (hand or automatic),
610242,2022-02-01 00:00:00,Transport,Operation of personal transport equipment,Maintenance and repairs,Maintenance and repairs,Transport,Services,Exhaust fitting,
620308,1995-02-01 00:00:00,Transport,Transport services,Passenger transport by road,Passenger transport by taxi & hired car with driver,Transport,Services,Minicab fare,per 2 miles
620315,2004-02-01 00:00:00,Transport,Operation of personal transport equipment,Other services,Toll facilities and parking meters,Transport,Services,Car park charges,per 2 hrs
610204,1987-02-01 00:00:00,Transport,Operation of personal transport equipment,Spare parts and accessories,Tyres,Transport,Spare parts,Car tyre,
610303,1987-02-01 00:00:00,Transport,Operation of personal transport equipment,Fuels and lubricants,Lubricants,Transport,Spare parts,Multigrade oil,per litre
620303,1987-02-01 00:00:00,Transport,Operation of personal transport equipment,Other services,Hire of garages; parking spaces and personal transport equipment,Transport,Vehicle hire,Self drive van hire,per day
620307,1993-02-01 00:00:00,Transport,Operation of personal transport equipment,Other services,Hire of garages; parking spaces and personal transport equipment,Transport,Vehicle hire,Self drive car hire,per day